{"project_info":{"project_id":"clientapp-25349","project_number":"962298958703","name":"ClientAPP"},"client":[{"client_info":{"client_id":"android:com.example.clientapp","client_type":1,"android_client_info":{"package_name":"com.example.clientapp"}},"oauth_client":[],"services":{"analytics_service":{"status":1},"cloud_messaging_service":{"status":2,"apns_config":[]},"appinvite_service":{"status":1,"other_platform_oauth_client":[]},"google_signin_service":{"status":1},"ads_service":{"status":1}}}]}